,Supplier_Lead_Time,Inventory_Levels,Order_Frequency,Delivery_Performance,Cost_Per_Unit
Supplier_Lead_Time,1,0.1028968286,-0.9001428951,-0.9024621207,0.9581515087
Inventory_Levels,0.1028968286,1,-0.1377466039,-0.09288150969,0.1011488157
Order_Frequency,-0.9001428951,-0.1377466039,1,0.7884649002,-0.8447467239
Delivery_Performance,-0.9024621207,-0.09288150969,0.7884649002,1,-0.9100276502
Cost_Per_Unit,0.9581515087,0.1011488157,-0.8447467239,-0.9100276502,1
